"Variable / Field Name","Form Name","Section Header","Field Type","Field Label","Choices, Calculations, OR Slider Labels","Field Note","Text Validation Type OR Show Slider Number","Text Validation Min","Text Validation Max",Identifier?,"Branching Logic (Show field only if...)","Required Field?","Custom Alignment","Question Number (surveys only)","Matrix Group Name","Matrix Ranking?","Field Annotation"
id,biodata,,text,"Unique ID",,"Use format [hosp id][record id]",,,,,,y,,,,,
random,biodata,,yesno,Randomized?,,,,,,,,y,RH,,,,
hosp_id,biodata,,dropdown,"Hospital ID
","1, Pumwani Maternity Hospital | 53, Mama Lucy Kayole | 3, Mbagathi DH | 4, Nyeri PGH | 5, Nyahururu DH | 60, Siaya DH | 7, Bungoma DH | 62, Kisumu East DH | 65, Bondo DH | 67, Yala DH | 69, JOOTRH | 70, Kenyatta National Hospital | 57, Karatina District Hospital | 55, Kerugoya District Hospital | 80, World Friends Ruaraka Neema Hospital",,,,,,,y,,,,,
ipno,biodata,,text,"Patients IPNO",,"(input -1 for empty)",integer,,,,,y,,,,,
nar_used,biodata,,radio,"Document Source","1, NAR | 2, Free Text",,,,,,,y,RH,NA,,,
twin_delivery,biodata,,yesno,"Twin delivery?",,,,,,,,,RH,,,,
birth_wt,biodata,,text,"Birth Weight",,"In kgs (input -1 for empty)",number,0.5,5.5,,,y,,,,,
date_of_birth,biodata,,text,"Date of birth",,"(for empty date type 1914-01-01))",date_ymd,,,,,y,,NA,,,
t_birth,biodata,,text,"Time of birth",,"((If empty leave blank))",time,,,,,,,NA,,,
date_adm,biodata,,text,"Admission Date",,"(for empty date type 1914-01-01)",date_ymd,,,,,y,,,,,
t_adm,biodata,,text,"Time of admission",,"((If empty leave blank))",time,,,,,,,NA,,,
date_discharge,biodata,,text,"Date of discharge/death",,"(for empty date type 1914-01-01))",date_ymd,,,,,y,,,,,
t_discharge,biodata,,text,"Time of discharge",,"((If empty leave blank))",time,,,,,,,NA,,,
leave_period,biodata,,yesno,"Is leave period?",,,,,,,,,RH,,,,
is_minimum,biodata,,text,"Is record minimum",,,,,,,,,,,,,
date_today,biodata,,text,"Today's date",,"Select 'Today'",date_ymd,,,,,y,,,,,
age_recorded,biodata,,yesno,"Age Recorded?",,,,,,,,y,RH,,,,
age_less_than_24hrs,biodata,,radio,"Age less than 24hrs","1, Yes | 2, No",,,,,,"[age_recorded] = '1'",,RH,NA,,,
age_days,biodata,,text,"Age (Days)",,"(input -1 for empty)",integer,0,28,,"[age_less_than_24hrs] = '2' and [age_recorded] = '1'",,,,,,
child_sex,biodata,,radio,Gender,"1, Male | 2, Female | -1, Empty",,,,,,,y,RH,,,,
referred_to_hospital,biodata,,radio,"Refered to hospital?","1, Yes | 2, No | -1, Empty",,,,,,,y,RH,NA,,,
referred_from_which_facili,biodata,,text,"Refered from which facility?",,,,,,,"[referred_to_hospital] = '1' and [hosp_id] = '70'",,,NA,,,
mothers_age,maternal_history,,text,"Mother's age",,"( enter -1 if not recorded)",number,-1,49,,"[is_minimum] = '0'",y,,NA,,,
gravity,maternal_history,,text,"Gravidity (Number of Pregnancies)",,"( enter -1 if not recorded)",number,-1,10,,"[is_minimum] = '0'",y,,NA,,,
parity_live_birth,maternal_history,,text,"Parity live birth(s)",,"( enter -1 if not recorded)",number,-1,10,,"[is_minimum] = '0'",y,,NA,,,
parity_abortion,maternal_history,,text,"Parity abortion(s)",,"( enter -1 if not recorded)",number,-1,10,,"[is_minimum] = '0'",y,,NA,,,
maternal_hiv,maternal_history,,dropdown,"PMTCT  Status","1, Positive | 2, Negative | -1, Empty",,,,,,,y,,,,,
maternal_arv_s,maternal_history,,radio,"Maternal Antiretroviral Therapy(ARV/ART/HAART)","1, Yes | 2, No | -1, Empty",,,,,,"[maternal_hiv] = '1'",,RH,NA,,,
baby_given_arv_s,maternal_history,,radio,"Baby given Antiretroviral Therapy(ARV/ART/HAART)","1, Yes | 2, No | -1, Empty",,,,,,"[maternal_hiv] = '1'",,RH,NA,,,
maternal_vdrl,maternal_history,,radio,"Maternal VDRL","1, Positive | 2, Negative | -1, Empty",,,,,,"[is_minimum] = '0'",y,RH,NA,,,
expected_date_of_delivery,maternal_history,,text,"Expected date of delivery
(EDD)",,"(for empty date 1914-01-01))",date_ymd,,,,"[is_minimum] = '0'",y,,NA,,,
premature_rapture_of_membr,maternal_history,,radio,"Prolonged Rupture of membranes(PROM)","1, Yes | 0, No | -1, Empty",,,,,,"[is_minimum] = '0'",y,RH,NA,,,
gest,babys_history,,text,"Gestation at birth (weeks)",,"No.of weeks ( enter -1 if not recorded)",number,24,46,,,y,,NA,,,
apg_doc,babys_history,,yesno,"Is Apgar score documented?",,,,,,,"[is_minimum] = '0'",y,RH,NA,,,
apgar_1min,babys_history,,dropdown,"Apgar 1 minute","0, 0 | 1, 1 | 2, 2 | 3, 3 | 4, 4 | 5, 5 | 6, 6 | 7, 7 | 8, 8 | 9, 9 | 10, 10 | -1, Empty","(select -1 if unrecorded)",,,,,"[apg_doc] = '1'",,,NA,,,
apgar_5min,babys_history,,dropdown,"Apgar 5 minute","0, 0 | 1, 1 | 2, 2 | 3, 3 | 4, 4 | 5, 5 | 6, 6 | 7, 7 | 8, 8 | 9, 9 | 10, 10 | -1, Empty","(select -1 if unrecorded)",,,,,"[apg_doc] = '1'",,,NA,,,
apgar_10min,babys_history,,dropdown,"Apgar 10 minute","0, 0 | 1, 1 | 2, 2 | 3, 3 | 4, 4 | 5, 5 | 6, 6 | 7, 7 | 8, 8 | 9, 9 | 10, 10 | -1, Empty","(select -1 if unrecorded)",,,,,"[apg_doc] = '1'",,,NA,,,
wt_now,babys_history,,text,"Weight at admission (now)",,"Kgs ( enter -1 if not recorded)",number,0.5,5.5,y,"[age_days] = '1' and  [age_days] <= 3",y,,,,,
length,babys_history,,text,Length,,"In cms ( enter -1 if not recorded)",number,40,53,y,"[age_days] = '1' and  [age_days] <= 3",y,,,,,
head_circum,babys_history,,text,"Head circumference",,"In cms ( enter -1 if not recorded)",number,28,37,y,"[age_days] = '1' and  [age_days] <= 3",y,,,,,
bba,babys_history,,radio,"Born before arrival?","1, Yes | 0, No | -1, Empty",,,,,,,y,RH,NA,,,
born_where,babys_history,,radio,"Born where?","1, Home | 2, Other health Facility | -1, Empty",,,,,,"[bba] = '1' and [is_minimum] = '0'",,RH,NA,,,
delivery,babys_history,,dropdown,"Mode of delivery","0, Spontaneous vaginal (SVD) | 1, Assisted vaginal (Includes Forceps,Vacuum) | 2, Breech | 3, Caesarean section (C/S) | -1, Empty",,,,,,,y,,NA,,,
time_of_admission_document,babys_history,,yesno,"Time of Admission Documented",,,,,,,"[is_minimum] = '0'",y,RH,NA,,,
time_baby_seen,babys_history,,text,"Time baby seen",,,time,,,,"[time_of_admission_document] = '1'",,,NA,,,
fever,babys_history,,radio,Fever,"1, Yes | 2, No | -1, Empty",,,,,,"[is_minimum] = '0'",y,RH,NA,,,
fever_duration,babys_history,,radio,"Fever Duration (Less Than a day?)","1, Yes | 2, No | -1, Empty",,,,,,"[fever] = '1'",,RH,,,,
fever_duration_in_days,babys_history,,text,"Fever Duration (More Than a day?)",,"(indicate in days)",,,,,"[fever] = '1' and [fever_duration] = '0'",,RH,,,,
difficulty_breathing,babys_history,,radio,"Difficulty breathing (DIB)","1, Yes | 2, No | -1, Empty",,,,,,"[is_minimum] = '0'",y,RH,NA,,,
diarrhoea,babys_history,,radio,Diarrhoea,"1, Yes | 2, No | -1, Empty","(indicate Yes, for age >= 3 days)",,,,,"[age_days] >= 3",,RH,,,,
severe_vomiting,babys_history,,radio,"Severe vomiting(vomits everything)","1, Yes | 2, No | -1, Empty",,,,,,"[is_minimum] = '0'",y,RH,NA,,,
difficulty_feeding,babys_history,,radio,"Difficulty feeding/breastfeeding","1, Yes | 2, No | -1, Empty",,,,,,"[is_minimum] = '0'",y,RH,NA,,,
convulsions,babys_history,,radio,Convulsions,"1, Yes | 2, No |-1, Empty",,,,,,"[is_minimum] = '0'",y,RH,NA,,,
partial_focal_fits,babys_history,,radio,"Partial / focal fits","1, Yes | 2, No |-1, Empty",,,,,,"[is_minimum] = '0'",y,RH,NA,,,
level_of_activity,babys_history,,radio,"Change in level of activity","1, Yes | 2, No | -1, Empty",,,,,,"[is_minimum] = '0' and [apg_doc] = '1'",y,RH,,,,
apnoea,babys_history,,radio,Apnoea,"1, Yes | 2, No | -1, Empty",,,,,,"[is_minimum] = '0'",y,RH,NA,,,
high_pitched_cry,babys_history,,radio,"High pitched cry","1, Yes | 2, No | -1, Empty",,,,,,"[is_minimum] = '0' and [apg_doc] = '1'",y,RH,NA,,,
infant_drugs,babys_history,,sql,"Infant drugs
","select value from redcap_data where project_id = 188 and field_name = 'drug'",,autocomplete,,,,"[infant_drugs] = '1'",,,,,,
temperature_degrees_celciu,examination,,text,"Temperature(degrees Celsius)",,"in degrees celsius to one decimal place (enter -1 if empty)",number,-1,42,,"[is_minimum] = '0'",y,,NA,,,
respiratory_rate_rr_per_mi,examination,,text,"Respiratory rate- RR (per minute)",,"(input -1 for empty)",number,-1,80,,"[is_minimum] = '0'",y,,NA,,,
heart_rate_hr_min,examination,,text,"Enter pulse value/Heart rate/HR(per minute)",,"indicate per min(input -1 for empty)",number,-1,180,,"[is_minimum] = '0'",y,,NA,,,
oxygen_saturation_measured,examination,,radio,"Oxygen saturation documented","1, Yes | 0, No",,,,,,"[is_minimum] = '0'",y,RH,NA,,,
oxygen_saturation,examination,,text,"Oxygen saturation(%)",,"(input-1 for empty)",number,,,,"[oxygen_saturation_measured] = '1' and [is_minimum] = '0'",,,NA,,,
stirdor,examination,"<h1><font color=blue>Airway and Breathing</font></h1> <h1><font color=blue></font></h1>",radio,Stridor,"1, Yes | 0, No | -1, Empty",,,,,,"[is_minimum] = '0'",,RH,NA,,,
cry,examination,,radio,Cry,"1, Normal | 2, Weak | 3, Hoarse | -1, Empty",,,,,,"[is_minimum] = '0'",,RH,NA,,,
central_cyanosis,examination,,dropdown,"Central cyanosis","1, Yes | 2, No | 3, Not specified | -1, Empty",,,,,,"[is_minimum] = '0'",y,,NA,,,
indrawing,examination,,radio,Indrawing,"1, none/mild | 2, severe | 3, sternum | -1, Empty",,,,,,"[is_minimum] = '0'",,RH,NA,,,
grunting,examination,,radio,Grunting,"1, Yes | 0, No | -1, Empty",,,,,,"[is_minimum] = '0'",y,RH,NA,,,
air_entry_bilateral,examination,,radio,"Air entry bilateral","1, Yes | 0, No | -1, Empty",,,,,,"[is_minimum] = '0'",,RH,NA,,,
crackles,examination,,radio,Crackles/Crepitations,"1, Yes | 0, No | -1, Empty",,,,,,"[is_minimum] = '0'",y,RH,NA,,,
cap_refill,examination,"<h1><font color=blue>Circulation</font></h1>",dropdown,"Capillary Refill Time (CRT)","1, X-indeterminate | 6, 1 second | 2, 2 seconds | 3, 3 seconds | 4, More than 3 secs | 5, 2-3 seconds | -1, Empty",,,,,,"[is_minimum] = '0'",y,,,,,
pallor_anaemia,examination,,dropdown,Pallor/Anaemia,"1, none | 2, +(mild/moderate) | 3, +++(Severe) | 4, Not classified | -1, Empty",,,,,,"[is_minimum] = '0'",y,,NA,,,
suck_breastfeed,examination,"<h1><font color=blue>Disability</font></h1>",radio,"Can suck/breastfeed?","1, Yes | 0, No | -1, Empty",,,,,,"[is_minimum] = '0'",,RH,NA,,,
bulging_fontanelle,examination,,radio,"Bulging fontanelle","1, Yes | 2, No/flat | -1, Empty",,,,,,"[is_minimum] = '0'",y,RH,NA,,,
irritable,examination,,radio,Irritable,"1, Yes | 0, No | -1, Empty",,,,,,"[is_minimum] = '0'",,RH,NA,,,
eye_pus,examination,,radio,"Eyes Pus","1, Yes | 0, No | -1, Empty",,,,,,"[is_minimum] = '0'",,RH,,,,
redced_movement_floppy,examination,,radio,"Reduced movement/floppy","1, Yes | 0, No | -1, Empty",,,,,,"[is_minimum] = '0'",,RH,NA,,,
umbilicus,examination,,dropdown,Umbilicus,"1, Clean | 2, Local pus | 3, Pus+red skin | -1, Empty | 4, Other",,,,,,"[is_minimum] = '0'",,,NA,,,
skin,examination,"<h1><font color=blue>General Examination</font></h1>",radio,Skin,"1, Bruising | 2, Rash | 3, Pustules | 4, None / Normal | -1, Empty",,,,,,"[is_minimum] = '0'",,RH,NA,,,
jaundice,examination,,dropdown,"Jaundice(Yellowness of eyes)","1, none(0) | 2, +(mild/moderate) | 3, +++(severe) | 4, Not classified | -1, Empty",,,,,,"[is_minimum] = '0'",y,,NA,,,
gest_size,examination,,radio,Gest/Size,"1, Normal | 2, Prem | 3, SGA/wasted | -1, Empty",,,,,,"[is_minimum] = '0'",,RH,NA,,,
abnormalities,examination,,checkbox,"Abnormalities ","1, Skull | 2, Limbs / Spine | 3, Palate / Face | 4, Genitals / anus | 5, Dysmorphic | 6, None | -1, Empty","check all that apply",,,,,"[is_minimum] = '0'",,,NA,,,
hbadmission,investigations,"<h1><font color=blue>5.Investigations</font></h1>",radio,"Haemoglobin (Hb) test ordered during hospitalization","1, Yes | 0, No | -1, Empty",,,,,,"[is_minimum] = '0'",y,RH,NA,,,
hb_hct,investigations,,radio,"Hb results available","1, Yes | 0, No | -1, Empty",,,,,,"[hbadmission] = '1' and [is_minimum] = '0'",,RH,NA,,,
hb_results,investigations,,text,"Hb results",,"( enter -1 if not recorded)",number,,,,"[hb_hct] = '1' and [is_minimum] = '0'",,,NA,,,
glucose,investigations,,radio,"Glucose(RBS)ordered at admission","1, Yes | 0, No | -1, Empty",,,,,,"[is_minimum] = '0'",y,RH,NA,,,
glucose_results,investigations,,text,"Glucose results",,"(input -1 for empty)",number,,,,"[glucose] = '1' and [is_minimum] = '0'",,,NA,,,
glucose_test_results_units,investigations,,radio,"Glucose test results units","1, mg/dl | 2, mmol/L | -1, Empty",,,,,,"[glucose_results] <> '-1' and [glucose_results] <> ''",,RH,NA,,,
bilirubin,investigations,,radio,"Bilirubin test ordered","1, Yes | 0, No | -1, Empty",,,,,,"[is_minimum] = '0'",y,RH,NA,,,
bilirubin_type,investigations,,checkbox,"Type of bilirubin","1, Total | 2, Direct | -1, Empty","Please select the type of bilirubin test results, if not available select Empty.",,,,,"[bilirubin] = '1'",,RH,,,,
bilirubin_t,investigations,,text,"Total Bilirubin",,"please indicate the value of the total bilirubin",,,,,"[bilirubin_type(1)] = '1'",,,NA,,,
bilirubin_d,investigations,,text,"Direct Bilirubin",,,,,,,"[bilirubin_type(2)] = '1'",,,NA,,,
bilirubin_t_unit,investigations,"Indicate units of bilirubin test results in micro mol/L or mg/dl",radio,"Total Bilirubin Units","1, micromol/l | 2, mg/dl | -1, Empty",,,,,,"[bilirubin_type(1)] = '1'",,,NA,bilirubin_units,,
bilirubin_d_unit,investigations,,radio,"Direct Bilirubin Units","1, micromol/l | 2, mg/dl | -1, Empty",,,,,,"[bilirubin_type(2)] = '1'",,,NA,bilirubin_units,,
lp,investigations,,radio,"Lumber puncture(LP) test ordered","1, Yes | 0, No | -1, Empty",,,,,,"[is_minimum] = '0'",y,RH,NA,,,
lp_results,investigations,,dropdown,"LP results","1, dry tap | 2, under pressure | 3, turbid | 4, bloody | 5, clear | -1, Empty",,,,,,"[lp] = '1' and [is_minimum] = '0'",,,,,,
blood_culture_ordered,investigations,,radio,"Blood culture ordered","1, Yes | 0, No | -1, Empty",,,,,,"[is_minimum] = '0'",y,RH,NA,,,
crp_done,investigations,,radio," Is crp done?","1, Yes | 0, No | -1, Empty",,,,,,"[hosp_id] = '70'",y,RH,,,,
urine,investigations,,checkbox,Urine,"1, Urinalysis | 2, Micro & culture | -1, Empty",,,,,,"[is_minimum] = '0'",,RH,,,,
pus_swab,investigations,,text,"Pus swab (Site:)",,,,,,,"[is_minimum] = '0'",,,,,,
chemistry_n,investigations,,checkbox,Chemistry,"1, Na | 2, Urea | 3, Creat | 4, LFTs | 5, Nil | 6, K | -1, Empty",,,,,,"[is_minimum] = '0'",,RH,,,,
clear_pry_adm_diag,babys_admission_diagnoses,,radio,"Clear primary admission diagnosis?","1, Yes | 0, No | -1, Empty",,,,,,,,RH,NA,,,
pry_adm_diag,babys_admission_diagnoses,,text,"Primary Admission diagnosis",,,,,,,"[clear_pry_adm_diag] = '1'",,,,,,
adm_diag_1,babys_admission_diagnoses,,text,"Admission diagnosis 1",,,,,,,"[clear_pry_adm_diag] = '0'",,,,,,
adm_diag_2,babys_admission_diagnoses,,text,"Admission diagnosis 2",,,,,,,"[clear_pry_adm_diag] = '0'",,,,,,
adm_diag_3,babys_admission_diagnoses,,text,"Admission diagnosis 3",,,,,,,"[clear_pry_adm_diag] = '0'",,,,,,
other_admission_diag,babys_admission_diagnoses,,yesno,"Other admission diagnoses",,,,,,,,,RH,NA,,,
other_admission_diag_1,babys_admission_diagnoses,,text,"Other admission diagnosis 1",,,,,,,"[other_admission_diag] = '1'",,,,,,
other_admission_diag_2,babys_admission_diagnoses,,text,"Other admission diagnosis 2",,,,,,,"[other_admission_diag] = '1'",,,,,,
other_admission_diag_3,babys_admission_diagnoses,,text,"Other admission diagnosis 3",,,,,,,"[other_admission_diag] = '1'",,,,,,
other_admission_diag_4,babys_admission_diagnoses,,text,"Other admission diagnosis 4",,,,,,,"[other_admission_diag] = '1'",,,,,,
other_admission_diag_5,babys_admission_diagnoses,,text,"Other admission diagnosis 5",,,,,,,"[other_admission_diag] = '1'",,,,,,
other_adm_diag_not_listed,babys_admission_diagnoses,,yesno,"Other admission diagnosis not listed",,,,,,,,,RH,NA,,,
admisn_diag_not_listed,babys_admission_diagnoses,,text,"Admission diagnoses not listed",,"List the diagnosis separating by commas",,,,,"[other_adm_diag_not_listed] = '1'",,,,,,
t_sheet,drug_treatment,"<h1><font color=blue>8.DRUG TREATMENT  (Use data from treatment sheet only. Include any drugs given during hospitalization)</font></h1>",yesno,"Is there a treatment sheet in the file?",,"<i>CHECK AND ASCERTAIN BEFORE YOU SELECT ""NO""</i>",,,,,"[is_minimum] = '0'",y,RH,NA,,,
pen,drug_treatment,"<h1></h1> <h2><font color=blue>8.1 ANTIBIOTICS</font></h2>",yesno,"<span style=""color:black;text-align:left;"">1.Benzyl/Crystalline Penicillin(Xpen) prescribed</span>",,,,,,,"[is_minimum] = '0'",y,RH,NA,,,
date_prescribed,drug_treatment,,text,"<span style=""color:black;text-align:left;"">Date prescribed </span>",,"if unrecorded enter 1914-01-01)",date_ymd,,,,"[pen] = '1' and [is_minimum] = '0'",,,NA,,,
pen_route,drug_treatment,,radio,"<span style=""color:black;text-align:left;"">Route </span>","1, I.M | 2, I.V |-1, Empty",,,,,,"[pen] = '1' and [is_minimum] = '0'",,RH,NA,,,
pen_dose_mg,drug_treatment,,text,"<span style=""color:black;text-align:left;"">Dose </span>",,"amount prescribed per dose ( enter -1 if not recorded)",number,50000,2.00E+05,,"[pen] = '1' and [is_minimum] = '0'",,,NA,,,
pen_dose_unit,drug_treatment,,radio,"<span style=""color:black;text-align:left;"">Units</span>","1, IU | 2, mg | 3, MU(megaunit) | -1, Empty",,,,,,"[pen] = '1' and [is_minimum] = '0'",,RH,NA,,,
pen_freq,drug_treatment,,dropdown,"<span style=""color:black;text-align:left;"">Frequency </span>","1, OD/once a day/24hrly | 2, BD/twice a day/12hrly | 3, TID/TDS/three times a day/8hrly | 4, QID/4 times a day/6hrly | 5, STAT | -1, Empty",,,,,,"[pen] = '1' and [is_minimum] = '0'",,,NA,,,
pen_dur,drug_treatment,,text,"<span style=""color:black;text-align:left;"">Duration (Days)</span>",,"(enter the duration the drug was administered in days) (enter -1 if not recorded)",number,,,,"[pen] = '1' and [is_minimum] = '0'",,,NA,,,
date_stopped,drug_treatment,,text,"<span style=""color:black;text-align:left;"">Date Stopped. </span>",,"if unrecorded enter 1914-01-01)",date_ymd,,,,"[pen] = '1' and [is_minimum] = '0'",,,NA,,,
genta,drug_treatment,,yesno,"<span style=""color:black;text-align:left;"">2.Gentamicin prescribed
</span>",,,,,,,"[is_minimum] = '0'",y,RH,NA,,,
date_gentamycin_prescribed,drug_treatment,,text,"<span style=""color:black;text-align:left;"">Date gentamicin prescribed</span>",,"if unrecorded enter 1914-01-01)",date_ymd,,,,"[genta] = '1' and [is_minimum] = '0'",,,NA,,,
genta_route,drug_treatment,,radio,"<span style=""color:black;text-align:left;"">Route</span>","1, I.M | 2, I.V |-1, Empty",,,,,,"[genta] = '1' and [is_minimum] = '0'",,RH,NA,,,
genta_dose,drug_treatment,,text,"<span style=""color:black;text-align:left;"">Dose </span>
",,"mg (enter -1 if not recorded)",number,3,20,,"[genta] = '1' and [is_minimum] = '0'",,,NA,,,
genta_freq,drug_treatment,,dropdown,"<span style=""color:black;text-align:left;"">Frequency</span>","1, Once per day/once daily(OD) | 2, 12 hourly | 3, 8 hourly | 4, 6 hourly | -1, Empty",,,,,,"[genta] = '1' and [is_minimum] = '0'",,,NA,,,
genta_dur,drug_treatment,,text,"<span style=""color:black;text-align:left;"">Duration (Days)</span>
",,"(enter the duration the drug was administered in days) (enter -1 if not recorded)",number,,,,"[genta] = '1' and [is_minimum] = '0'",,,NA,,,
date_gent_stopped,drug_treatment,,text,"<span style=""color:black;text-align:left;"">Date Stopped</span>",,"if unrecorded enter 1914-01-01)",date_ymd,,,,"[genta] = '1' and [is_minimum] = '0'",,,NA,,,
amp,drug_treatment,,yesno,"<span style=""color:black;text-align:left;"">3.Ampicillin prescribed</span>",,,,,,,"[is_minimum] = '0'",y,RH,NA,,,
date_ampicillin_prescribed,drug_treatment,,text,"<span style=""color:black;text-align:left;"">date ampicillin prescribed</span>",,"if unrecorded enter 1914-01-01)",date_ymd,,,,"[amp] = '1' and [is_minimum] = '0'",,,NA,,,
amp_route,drug_treatment,,radio,"<span style=""color:black;text-align:left;"">Route</span>","0, I.M | 1, I.V |-1, Empty",,,,,,"[amp] = '1' and [is_minimum] = '0'",,RH,NA,,,
amp_dose,drug_treatment,,text,"<span style=""color:black;text-align:left;"">Dose</span>",,"milligrams (mg) (enter -1 if not recorded)",number,,,,"[amp] = '1' and [is_minimum] = '0'",,,NA,,,
ampicilin_units,drug_treatment,,radio,"<span style=""color:black;text-align:left;"">Ampicillin units</span>","4, mg | 3, Empty | 1, iv | 2, im",,,,,,"[amp] = '1'  and [is_minimum] = '0'",,RH,NA,,,
amp_freq,drug_treatment,,dropdown,"<span style=""color:black;text-align:left;"">Frequency</span>","1, Once per day/once daily(OD) | 2, 12 hourly | 3, 8 hourly | 4, 6 hourly | -1, Empty",,,,,,"[amp] = '1' and [is_minimum] = '0'",y,RH,NA,,,
amp_dur,drug_treatment,,text,"<span style=""color:black;text-align:left;"">Duration (Days)</span>",,"days ( enter -1 if not recorded)",number,,,,"[amp] = '1' and [is_minimum] = '0'",,,NA,,,
date_amp_stopped,drug_treatment,,text,"<span style=""color:black;text-align:left;"">Date Ampicillin Stopped</span>",,"if unrecorded enter 1914-01-01)",date_ymd,,,,"[amp] = '1' and [is_minimum] = '0'",,,NA,,,
ceftr,drug_treatment,,yesno,"<span style=""color:black;text-align:left;"">4.Ceftriaxone prescribed</span>",,,,,,,"[is_minimum] = '0'",y,RH,NA,,,
date_ceftriaxone_prescribe,drug_treatment,,text,"<span style=""color:black;text-align:left;"">date ceftriaxone prescribed</span>",,"if unrecorded enter 1914-01-01)",date_ymd,,,,"[ceftr] = '1' and [is_minimum] = '0'",,,NA,,,
ceftr_route,drug_treatment,,radio,"<span style=""color:black;text-align:left;"">Route</span>","1, I.M | 2, I.V | -1, Empty",,,,,,"[ceftr] = '1' and [is_minimum] = '0'",,RH,NA,,,
ceftr_dose,drug_treatment,,text,"<span style=""color:black;text-align:left;"">Dose</span>",,"mg (enter -1 if not recorded)",number,,,,"[ceftr] = '1' and [is_minimum] = '0'",,,NA,,,
ceftr_freq,drug_treatment,,dropdown,"<span style=""color:black;text-align:left;"">Frequency</span>","1, OD/once a day/24hrly | 2, BD/twice a day/12hrly | 3, TID/TDS/three times a day/8hrly | 4, QID/4 times a day/6hrly | 5, STAT | -1, Empty",,,,,,"[ceftr] = '1' and [is_minimum] = '0'",,,NA,,,
ceftr_dur,drug_treatment,,text,"<span style=""color:black;text-align:left;"">Duration (Days)</span>",,"(enter the duration the drug was administered in days) (enter -1 if not recorded)",number,,,,"[ceftr] = '1' and [is_minimum] = '0'",,,NA,,,
date_ceftri_stopped,drug_treatment,,text,"<span style=""color:black;text-align:left;"">Date Ceftriaxone Stopped</span>",,"if unrecorded enter 1914-01-01)",date_ymd,,,,"[ceftr] = '1' and [is_minimum] = '0'",,,NA,,,
amikacin,drug_treatment,,yesno,"<span style=""color:black;text-align:left;"">5.Amikacin prescribed
</span>",,,,,,,"[is_minimum] = '0'",,RH,NA,,,
amikacin_date,drug_treatment,,text,"<span style=""color:black;text-align:left;"">Date Amikacin prescribed</span>",,,datetime_ymd,,,,"[amikacin] = '1'",,,NA,,,
amikacin_route,drug_treatment,,radio,"<span style=""color:black;text-align:left;"">Route</span>","1, I.M | 2, I.V | -1, Empty",,,,,,"[amikacin] = '1'",,RH,NA,,,
amikacin_dose,drug_treatment,,text,"<span style=""color:black;text-align:left;"">Dose</span>",,"mg (enter -1 if not recorded)",number,,,,"[amikacin] = '1'",,,NA,,,
frequency,drug_treatment,,dropdown,"<span style=""color:black;text-align:left;"">Frequency</span>","1, OD/once a day/24hrly | 2, BD/twice a day/12hrly | 3, TID/TDS/three times a day/8hrly | 4, QID/4 times a day/6hrly | 5, STAT |-1, Empty",,,,,,"[amikacin] = '1'",,,NA,,,
duration_amikacin,drug_treatment,,text,"<span style=""color:black;text-align:left;"">Duration(Days)</span>",,,,,,,"[amikacin] = '1'",,,NA,,,
date_amikacin_stopped,drug_treatment,,text,"<span style=""color:black;text-align:left;"">Date Amikacin Stopped</span>",,,datetime_ymd,,,,"[amikacin] = '1'",,,NA,,,
cefta,drug_treatment,,yesno,"<span style=""color:black;text-align:left;"">6.Ceftazidime Prescribed
</span>",,,,,,,"[is_minimum] = '0'",,RH,NA,,,
cefta_date,drug_treatment,,text,"<span style=""color:black;text-align:left;"">Date Ceftazidime prescribed</span>",,,datetime_ymd,,,,"[cefta] = '1'",,,NA,,,
cefta_route,drug_treatment,,radio,"<span style=""color:black;text-align:left;"">Route</span>","1, I.M | 2, I.V | -1, Empty",,,,,,"[cefta] = '1'",,RH,NA,,,
cefta_dose,drug_treatment,,text,"<span style=""color:black;text-align:left;"">Dose</span>",,"mg (enter -1 if not recorded)",number,,,,"[cefta] = '1'",,,NA,,,
cefta_units,drug_treatment,,radio,"<span style=""color:black;text-align:left;"">Cetazidime units</span>","1, mg | -1, Empty",,,,,,"[cefta] = '1'",,RH,NA,,,
cefta_freq,drug_treatment,,dropdown,"<span style=""color:black;text-align:left;"">Frequency</span>","1, OD/once a day/24hrly | 2, BD/twice a day/12hrly | 3, TID/TDS/three times a day/8hrly | 4, QID/4 times a day/6hrly | 5, STAT | -1, Empty","indicate -1 if unrecorded",,,,,"[cefta] = '1'",,,NA,,,
cefta_dur,drug_treatment,,text,"<span style=""color:black;text-align:left;"">Duration(Days)</span>",,"indicate -1 if unrecorded",,,,,"[cefta] = '1'",,,NA,,,
cefta_date_stopped,drug_treatment,,text,"<span style=""color:black;text-align:left;"">Date Ceftazidime Stopped</span>",,,datetime_ymd,,,,"[cefta] = '1'",,,NA,,,
other_treatment,drug_treatment,"<h1></h1> <h2><font color=blue>8.2 OTHER TREATMENT</font></h2>",radio,"Other drugs prescribed","1, Yes | 2, No | -1, Empty",,,,,,"[is_minimum] = '0'",y,RH,NA,,,
other_drugs_1,drug_treatment,,text,"Other drugs 1",,,,,,,"[other_treatment] = '1'",,,,,,
other_drugs_2,drug_treatment,,text,"Other drugs 2",,,,,,,"[other_treatment] = '1'",,RH,,,,
other_drugs_3,drug_treatment,,text,"Other drugs 3",,,,,,,"[other_treatment] = '1'",,,,,,
other_drugs_4,drug_treatment,,text,"Other drugs 4",,,,,,,"[other_treatment] = '1'",,,,,,
other_drugs_5,drug_treatment,,text,"Other drugs 5",,,,,,,"[other_treatment] = '1'",,,,,,
other_treatment_2,drug_treatment,,yesno,"Are there drugs prescribed during admission yet not listed in the Look up list?",,,,,,,"[is_minimum] = '0'",y,RH,,,,
admisn_dx_not_listed,drug_treatment,,text,"List of drugs NOT listed in the look up list",,"List the drugs separating by commas",,,,,"[other_treatment_2] = '1'",y,RH,,,,
oxygen_ordered,supportive_care,"<h1><font color=blue>Oxygen and blood transfusion</font></h1>",yesno,"Oxygen ordered",,,,,,,"[is_minimum] = '0'",y,RH,NA,,,
cpap,supportive_care,"<h1><font color=blue>CPAP</font></h1>",radio,"CPAP done","1, Yes | 0, No | -1, Empty",,,,,,,,RH,NA,,,
cpap_start,supportive_care,,text,"Start Date",,"if unrecorded enter 1914-01-01",date_ymd,,,,"[cpap] = '1'",,,NA,,,
cpap_start_time,supportive_care,,text,"Start Time",,,time,,,,"[cpap] = '1'",,,NA,,,
cpap_stop,supportive_care,,text,"End Date",,"if unrecorded enter 1914-01-01",date_ymd,,,,"[cpap] = '1'",,,NA,,,
cpap_end_time,supportive_care,,text,"End Time",,,time,,,,"[cpap] = '1'",,,NA,,,
mechanical_ventilation,supportive_care,,radio,"Mechanical Ventilation","1, Yes | 0, No | -1, Empty",,,,,,"[cpap] = '1' and [cpap] = '0'",,RH,,,,
blood_transfusion_prescrib,supportive_care,"<h1><font color=blue>Blood Transfusion</font></h1>",radio,"Blood Transfusion Prescribed ","1, Yes | 2, No",,,,,,"[is_minimum] = '0'",y,RH,NA,,,
blood_transf_pres_date,supportive_care,,text,"Date When Transfusion  Was Prescribed",,,date_ymd,,,,"[blood_transfusion_prescrib] = '1'",,,NA,,,
blood_transfussion_given,supportive_care,,radio,"First transfusion on admission","1, Yes | 2, No",,,,,,"[blood_transfusion_prescrib] = '1' and [is_minimum] = '0'",,RH,NA,,,
exchange_transfusion,supportive_care,,radio,"Exchange Transfusion","1, Yes | 2, No","indicate if there was an exchange transfusion",,,,,"[blood_transfusion_prescrib] = '1'",,RH,NA,,,
fluid_feed_monitoring_chart,supportive_care,,radio,"Fluids prescribed at admission using intravenous( I.V) route.","1, Yes | 2, No",,,,,,"[is_minimum] = '0'",y,RH,,,,
date_fluid_presc,supportive_care,,text,"Date Fluid Prescribed",,,date_ymd,,,,"[fluid_feed_monitoring_chart] = '1' and [is_minimum] = '0'",,,,,,
intravenous_fluids_presc,supportive_care,,dropdown,"IV fluids prescribed ","1, Half strength darrows(HSD) | 2, Half strength darrows with 5% DW | 3, 10% DW(D10W) | 4, Normal Saline(NS) | 5, Ringers Lactate/Hartmanns(RL) | 6, Other | 7, 5% DW(D5W)",,,,,,"[fluid_feed_monitoring_chart] = '1' and [is_minimum] = '0'",,,,,,
total_volume_of_iv_fluids,supportive_care,,text,"Total volume of IV fluids",,,number,60,180,,"[fluid_feed_monitoring_chart] = '1' and [is_minimum] = '0'",,,NA,,,
duration_of_iv_fluid_presc,supportive_care,,text,"Duration of IV fluid prescribed",,"in hours",,,,,"[fluid_feed_monitoring_chart] = '1' and [is_minimum] = '0'",,,NA,,,
other_fluid,supportive_care,,radio,"Other fluid ","1, Yes | 2, No",,,,,,"[is_minimum] = '0'",y,RH,NA,,,
other_fluid_prescribed,supportive_care,,dropdown,"Specify other fluid prescribed","1, Half strength darrows(HSD) | 2, Half strength darrows with 5% DW | 3, 10% DW(D10W) | 4, Normal Saline(NS) | 5, Ringers Lactate/Hartmanns(RL) | 6, Other | 7, 5% DW(D5W)",,,,,,"[other_fluid] = '1' and [is_minimum] = '0'",,,NA,,,
total_vol_of_other_fluid,supportive_care,,text,"Total volume of other fluid prescribed",,"(total vol in mls )",number,60,180,,"[other_fluid] = '1' and [is_minimum] = '0'",,,,,,
duration_prescribed,supportive_care,,text,"Duration of flow prescribed",,"(time in hrs,if unrecorded fill -1)",number,,,,"[other_fluid] = '1' and [is_minimum] = '0'",,,NA,,,
other_fluid_2,supportive_care,,yesno,"Other fluid 2 ",,,,,,,"[is_minimum] = '0'",,RH,NA,,,
specify_other_fluid_2_pres,supportive_care,,dropdown,"Specify other fluid 2 prescribed","1, Half strength darrows(HSD) | 2, Half strength darrows with 5% DW | 3, 10% DW(D10W) | 4, Normal Saline(NS) | 5, Ringers Lactate/Hartmanns(RL) | 6, Other | 7, 5% DW(D5W)",,,,,,"[other_fluid_2] = '1'",,,NA,,,
total_volume_of_fluid_2,supportive_care,,text,"Total volume of fluid 2",,"total vol in mls",number,,,,"[other_fluid_2] = '1'",,,NA,,,
duration_of_flow_2,supportive_care,,text,"Duration of flow_2",,"in hours",,,,,"[other_fluid_2] = '1'",,,NA,,,
child_prescribed_with_feed,supportive_care,"<h1><font color=blue>Feeds</font></h1>",yesno,"Child prescribed with feeds at admission",,,,,,,"[is_minimum] = '0'",y,RH,NA,,,
date_feeds_prescribed,supportive_care,,text,"Date feeds prescribed",,,date_ymd,,,,"[child_prescribed_with_feed] = '1' and [is_minimum] = '0'",,,NA,,,
type_of_feeds,supportive_care,,dropdown,"Type of feeds prescribed","1, Expressed Breast Milk (EBM) | 2, Neonatal formula | 3, Cow's milk | 4, Mixed feeding | 5, Other",,,,,,"[child_prescribed_with_feed] = '1' and [is_minimum] = '0'",,,NA,,,
time_to_start_feeds_after,supportive_care,,dropdown,"Time to start feeds(after admission)","1, <1 hr | 2, 1-2 hrs | 3, >2hrs | -1, Empty",,,,,,"[child_prescribed_with_feed] = '1' and [is_minimum] = '0'",,,NA,,,
feeding_route_prescribed,supportive_care,,dropdown,"Feeding route prescribed","1, NG Tube | 2, Cup and spoon | 3, Cup without spoon | -1, Empty",,,,,,"[child_prescribed_with_feed] = '1' and [is_minimum] = '0'",,,,,,
feed_volume,supportive_care,,text,"Feed Volume",,"total vol in mls per feed",number,,,,"[child_prescribed_with_feed] = '1' and [is_minimum] = '0'",,,NA,,,
freq_of_administration,supportive_care,,dropdown,"Frequency of administration","1, hrly | 2, 2hrly | 3, 3hrly | 4, 4hrly | 5, 5hrly | 6, 6hrly | 7, Test Feed | -1, Empty",,,,,,"[child_prescribed_with_feed] = '1' and [is_minimum] = '0'",,,,,,
date_the_feeds_initiated,supportive_care,,text,"Date the feeds are initiated",,"if unrecorded enter 1914-01-01)",date_ymd,,,,"[child_prescribed_with_feed] = '1' and [is_minimum] = '0'",,,,,,
other_feeds,supportive_care,,notes,"Other feed",,,,,,,"[type_of_feeds] = '5' and [child_prescribed_with_feed] = '1' and [is_minimum] = '0'",,,,,,
feed_fluid_monitorng_chart,supportive_care,,radio,"Feed/fluid monitoring chart available","1, Yes | 2, No",,,,,,"[is_minimum] = '0'",y,RH,,,,
phototherapy,supportive_care,"<h1><font color=blue>Phototherapy</font></h1>",radio,"Phototherapy on day of admission","1, Yes | 2, No",,,,,,,y,RH,NA,,,
photo_therapy_on_any_other,supportive_care,,radio,"Photo-therapy on any other day","1, Yes | 2, No",,,,,,"[phototherapy] = '2'",y,RH,,,,
start_date_phototherapy,supportive_care,,text,"Start date of photo-therapy",,"if unrecorded enter 1914-01-01",date_ymd,,,,[photo_therapy_on_any_other]='1',,,,,,
stop_date_phototherapy,supportive_care,,text,"Stop date of phototherapy",,"if unrecorded enter 1914-01-01",date_ymd,,,,"[photo_therapy_on_any_other]='1' or [phototherapy] ='1'",,,NA,,,
k_mother_care,supportive_care,"<h1><font color=blue>Kangaroo Mother Care</font></h1>",yesno,"Was Kangaroo Mother Care(KMC) given?",,,,,,,,,RH,NA,,,
vitals_signs_chart_present,follow_up_monitoring,"<h1><font color=blue>10.MONITORING(look through the entire file for this information)</font></h1>",yesno,"Vitals signs chart present",,,,,,,"[is_minimum] = '0'",y,RH,NA,,,
vital_signs_monitored_in_t,follow_up_monitoring,,yesno,"Vital signs monitored in the first 48 hours",,,,,,,"[vitals_signs_chart_present] = '1' and [is_minimum] = '0' and [is_minimum] = '1'",,RH,NA,,,
vital_signs_monitored,follow_up_monitoring,,checkbox,"Vital signs monitored","1, Pulse Rate | 2, Temperature | 3, Oxygen Saturation | 4, Respiratory Rate | 5, None",,,,,,"[vitals_signs_chart_present] = '1'",,,,,,
no_of_times_temp_monitored,follow_up_monitoring,,dropdown,"Number of times temp monitored in 48 hrs","1, 1 | 2, 2 | 3, 3 | 4, 4 | 5, 5 | 6, 6 | 7, 7 | 8, 8 | 9, 9 | 10, 10 | 11, >10 | -1, Empty",,,,,,"[vital_signs_monitored_in_t] = '1' and [is_minimum] = '0' and [is_minimum] = '1'",,,,,,
no_of_times_resp_monitored,follow_up_monitoring,,dropdown,"Number of times respiratory rate monitored in 48 hrs","1, 1 | 2, 2 | 3, 3 | 4, 4 | 5, 5 | 6, 6 | 7, 7 | 8, 8 | 9, 9 | 10, 10 | 11, >10 | -1, Empty",,,,,,"[vital_signs_monitored_in_t] = '1' and [is_minimum] = '0' and [is_minimum] = '1'",,,,,,
no_of_times_puls_monitored,follow_up_monitoring,,dropdown,"Number of times pulse rate monitored in 48 hrs","1, 1 | 2, 2 | 3, 3 | 4, 4 | 5, 5 | 6, 6 | 7, 7 | 8, 8 | 9, 9 | 10, 10 | 11, >10 | -1, Empty",,,,,,"[vital_signs_monitored_in_t] = '1' and [is_minimum] = '0' and [is_minimum] = '1'",,,,,,
fluid_monitoring_chart,follow_up_monitoring,,yesno,"Is there a fluid monitoring chart?",,,,,,,"[is_minimum] = '0'",y,RH,,,,
disch_death_summ,discharge_information,"<h1><font color=blue>11. DISCHARGE SUMMARY</font></h1>",radio,"Death/discharge summary present?","1, Yes | 0, No | -1, Empty",,,,,,,y,RH,,,,
discharge_weight,discharge_information,,text,"Discharge weight",,"in Kgs(Enter-1 if unrecorded)",number,,,,"[disch_death_summ] = '1'",,,NA,,,
outcome,discharge_information,,dropdown,"Outcome at discharge","1, Alive | 2, Dead | 3, Referred | 4, Absconded |-1, Empty",,,,,,,y,,,,,
referred_where,discharge_information,,text,"Referred from Where?",,,,,,,"[outcome] = '3'",,,,,,
referred_to,discharge_information,,dropdown,"Referred To?","1, Pumwani Maternity Hospital | 2, Mama Lucy Kayole | 3, Mbagathi DH | 4, Nyeri PGH | 5, Nyahururu DH | 60, Siaya DH | 7, Bungoma DH | 62, Kisumu East DH | 65, Bondo DH | 67, Yala DH | 69, JOOTRH | 70, Kenyatta National Hospital",,,,,,"[outcome] = '3'",,,,,,
dsc_condition,discharge_information,,dropdown,"Condition on discharge","1, Normal | 2, Neuro sequelae/disability | 3, Other | -1, Empty",,,,,,"[outcome] = '1' or [outcome] = '3'",,,,,,
follow_up,discharge_information,,dropdown,"Follow up care","1, None | 2, Clinics within the hospital(e.g POPC/SOPC) | 3, Other health facilities",,,,,,"[outcome] = '1' and [is_minimum] = '0'",,,,,,
dsc_dx1_primary,discharge_information,,radio,"Clear primary Discharge Diagnosis","1, Yes | 0, No | -1, Empty",,,,,,,y,RH,,,,
primary_disch_diagnosis,discharge_information,,text,"Primary discharge diagnosis",,,,,,,"[dsc_dx1_primary] = '1'",,,,,,
disch_diag_1,discharge_information,,text,"Discharge diagnosis 1",,,,,,,"[dsc_dx1_primary] = '0'",,,,,,
disch_diag_2,discharge_information,,text,"Discharge diagnosis 2",,,,,,,"[dsc_dx1_primary] = '0'",,,,,,
disch_diag_3,discharge_information,,text,"Discharge diagnosis 3",,,,,,,"[dsc_dx1_primary] = '0'",,,,,,
disch_diag_4,discharge_information,,text,"Discharge diagnosis 4",,,,,,,"[dsc_dx1_primary] = '0'",,,,,,
disch_diag_5,discharge_information,,text,"Discharge diagnosis 5",,,,,,,"[dsc_dx1_primary] = '0'",,,,,,
any_other_disch_diag,discharge_information,,yesno,"Any other discharge diagnosis NOT listed in the Look up list?",,,,,,,,,RH,,,,
other_disch_diag_1,discharge_information,,text,"List of discharge diagnosis NOT listed in the Look up list",,"List the diagnosis separating by commas",,,,,"[any_other_disch_diag] = '1'",,,,,,
opv,discharge_information,"<h1><font color=blue> Discharge treatment</font></h1>",yesno,"Oral Polio vaccine administered during hospitalization",,,,,,,,y,RH,NA,,,
bcg,discharge_information,,yesno,"BCG administered during hospitalization",,,,,,,,y,RH,NA,,,
